left_ear,right_ear,avg_ear,movimiento,label
0.178168351360405,0.13589012093345423,0.1570292361469296,2.2719727645471837,0
0.11513378366673338,0.08650809431886773,0.10082093899280056,1.2296741830252196,0
0.15599255899495415,0.18549013024106575,0.17074134461800994,1.1856758148957005,0
0.1614363447414929,0.1809232845125086,0.17117981462700077,1.3794265525341052,0
0.09223718706336817,0.12879922131993707,0.11051820419165262,2.202227261083407,0
0.2018747459230851,0.1711735892076403,0.18652416756536272,1.4545039438839638,0
0.1504352058181582,0.20846009790342093,0.17944765186078956,1.1546449757295085,0
0.21222379833807464,0.17267494073512782,0.19244936953660124,2.0122238420560077,0
0.20267860448616698,0.16324021076530276,0.18295940762573487,2.0178916352859027,0
0.19892758643902247,0.11594090500173387,0.15743424572037817,0,0
0.14389376629312928,0.17514522381835382,0.15951949505574153,1.5094626795534252,0
0.13041596236728065,0.1826628527464697,0.15653940755687518,2.602275671781518,0
0.1889417352580786,0.21209731776557303,0.2005195265118258,1.3682417461318106,0
0.180370840414821,0.1679282141232932,0.17414952726905708,1.4220482544140216,0
0.15363177818023527,0.11028382130234118,0.13195779974128824,0.44012189286336234,0
0.21785059628752496,0.12528264721283977,0.17156662175018236,1.1978032686165667,0
0.13188105800220332,0.1687581730586405,0.1503196155304219,0.9515499166453568,0
0.16441573192208525,0.10285010550159801,0.13363291871184163,1.3783357791305577,0
0.17782358701250567,0.15476444090827848,0.16629401396039206,2.315092516388453,0
0.08234519669300996,0.1161476610077443,0.09924642885037713,1.909049274298511,0
0.18728877203657107,0.2057520812937174,0.19652042666514424,0.8082863431816559,0
0.1879147273472666,0.23832863616867137,0.21312168175796897,2.1489166526429067,0
0.10347540854815301,0.1539421355788185,0.12870877206348574,0.9879405818614319,0
0.18578738879083045,0.15455365513360322,0.17017052196221683,1.0228389050177942,0
0.16627856250087023,0.20104038570824423,0.18365947410455724,1.4692621551465124,0
0.19820956468958884,0.1400419661382578,0.16912576541392332,1.7894589401125314,0
0.15707756314651852,0.21081142013729004,0.1839444916419043,1.956351055080404,0
0.0704017915610391,0.09776272700962532,0.08408225928533221,1.3937815729841387,0
0.17878595615320847,0.155768762145598,0.16727735914940323,1.9154450751706489,0
0.09828450920560249,0.18324390323725392,0.1407642062214282,1.532726842445604,0
0.10861586201109166,0.18024255338335735,0.1444292076972245,0.6335136706321095,0
0.14349093196660892,0.17077920085368714,0.15713506641014802,1.641125223922978,0
0.09284673150603534,0.11131995317819476,0.10208334234211505,1.523226098076074,0
0.12100240452618051,0.16093331075565898,0.14096785764091974,0.6826537267840944,0
0.16754480563716698,0.2500073384283078,0.2087760720327374,2.1095237838023597,0
0.11163825841710051,0.13900130156518392,0.12531977999114222,1.9144128410564591,0
0.1588163040286279,0.1934785832394206,0.17614744363402424,1.3682617805819008,0
0.14207709713770414,0.1112357954404547,0.1266564462890794,1.9463381901354004,0
0.2408189067841807,0.11953380839007366,0.1801763575871272,2.168808547166863,0
0.16030695164343378,0.12280227892208814,0.14155461528276098,1.972951141483058,0
0.2214498551808487,0.13073088370148264,0.17609036944116568,0.5174862461214942,0
0.15031952538183838,0.15067611358254565,0.150497819482192,1.430998796101375,0
0.21434488165557938,0.1353239615079428,0.1748344215817611,0.8719136950615956,0
0.16944771236678474,0.15106243475087378,0.16025507355882926,2.0119153110136563,0
0.18293957804837743,0.1384269414647784,0.16068325975657793,0.8131838293269708,0
0.10925838264319987,0.2211663627636175,0.1652123727034087,1.7401542343669547,0
0.10213044638372706,0.11701008427242215,0.10957026532807461,2.0209139454820986,0
0.14044997055964908,0.09843305245432733,0.1194415115069882,2.0357348742083596,0
0.22570823282429342,0.12646145090666883,0.17608484186548112,1.869001080326259,0
0.212237610159681,0.24050513293021708,0.22637137154494905,1.6219788354820792,0
0.25014670413319173,0.21717712877548723,0.23366191645433948,0.803171140846485,0
0.22220567227936278,0.17012883506395857,0.19616725367166066,2.994118040782652,0
0.15300088965525194,0.1333330245292908,0.14316695709227137,1.5745982622460297,0
0.16757052176375486,0.23078867397144862,0.19917959786760175,1.3610284935947228,0
0.1590389488800863,0.056821955857702694,0.1079304523688945,0.756506084297782,0
0.07092533079934008,0.21605409435317569,0.14348971257625787,0.9142515935965329,0
0.1538239280412729,0.17917269990913015,0.16649831397520154,0.8371175953798491,0
0.17001722848321812,0.1838580081620158,0.17693761832261695,1.8452665435602191,0
0.17477253736170953,0.11289403492495118,0.14383328614333035,0.9444601674907466,0
0.16889180410312538,0.1916206486022044,0.1802562263526649,1.354649862425424,0
0.1270956053072037,0.13960012168939467,0.1333478634982992,2.334657612775608,0
0.10587520330451963,0.1755083787654807,0.14069179103500018,1.9807351370608226,0
0.13168682899136736,0.18850976600612349,0.16009829749874543,2.4818852156377806,0
0.11990263596494682,0.1889743089549069,0.15443847245992687,0.9859905588343462,0
0.09219641503781364,0.08433334557878952,0.08826488030830158,1.4507366339959171,0
0.07178956176604173,0.09157228790899452,0.08168092483751813,0.7691717884740567,0
0.10471360325720597,0.14294105311969174,0.12382732818844885,2.2846273838850557,0
0.19395337437774163,0.11364809809885452,0.15380073623829807,2.193891611580817,0
0.14825613899102977,0.1256754422605586,0.13696579062579417,0.6105616637789714,0
0.16975529123014316,0.14850655105103044,0.1591309211405868,2.14616590355771,0
0.2015948642790033,0.23622533089380787,0.2189100975864056,1.7746122643722537,0
0.12828671608584477,0.13716018163158064,0.1327234488587127,1.1153362468040136,0
0.1255641504869885,0.20994456178163678,0.16775435613431264,0.7165730879062248,0
0.10645317649274211,0.10636163662852227,0.10640740656063219,1.2187961124257858,0
0.1388011305756578,0.11464327656594857,0.1267222035708032,1.4040168191703004,0
0.1124199975224839,0.22414069818041765,0.16828034785145077,1.2024820380760746,0
0.16654606986582934,0.06094003538787762,0.11374305262685348,1.707106466253508,0
0.1922367091262054,0.1322280090279323,0.16223235907706884,0.8640088926724744,0
0.21892807575445572,0.1612170968350623,0.190072586294759,1.3827581328704,0
0.12376432033966707,0.1624522244608468,0.14310827240025695,2.1332710421456738,0
0.20401899020650813,0.08664336856995222,0.14533117938823018,2.0535059954016894,0
0.16323592253585856,0.16980481225563018,0.16652036739574438,2.9287539974928936,0
0.10096729075520969,0.13015558355398585,0.11556143715459777,1.0765697889008854,0
0.20474429233836428,0.08908456325048048,0.14691442779442238,1.2047485883926412,0
0.21080764153862425,0.16414997074577942,0.18747880614220183,1.8840423812264526,0
0.06855268335467442,0.13911050804381164,0.10383159569924302,1.8374773924502166,0
0.13509937850478726,0.14751617101639725,0.14130777476059225,1.958504261134319,0
0.09940238393386688,0.18673682066027428,0.14306960229707058,1.7475572589931012,0
0.14242504900536848,0.0908039254919746,0.11661448724867154,1.1382185115678698,0
0.1340742675919031,0.15136104550783022,0.14271765654986668,1.2635888568053621,0
0.17561093702143174,0.1760467656061528,0.17582885131379228,0.18327573844823553,0
0.23801723603762648,0.19916656085447915,0.2185918984460528,0.5384436624455856,0
0.06051534627638175,0.14966935116841246,0.1050923487223971,1.5158376242852503,0
0.14679930935310206,0.14497619208754672,0.1458877507203244,1.5198281531974456,0
0.09738425157270553,0.21882696364332263,0.15810560760801406,2.2330854547871954,0
0.07433880400499943,0.15720979279017908,0.11577429839758925,2.5523791053931917,0
0.15372670083682985,0.1399672564875144,0.1468469786621721,1.697967495005684,0
0.12530121557550764,0.12016251592121754,0.12273186574836259,0.8200944210743654,0
0.18892881065735953,0.23190750040899596,0.21041815553317775,0.5700703254483002,0
0.21193138327466773,0.12457742071523838,0.16825440199495306,0.43180971447411864,0
0.18068063850052854,0.1644687518855015,0.17257469519301502,1.263135624005288,0
0.18907145682246998,0.12635334944483936,0.15771240313365467,0,0
0.1283340243172324,0.13930890089564804,0.13382146260644023,2.558365081688505,0
0.19523093370753594,0.12453269082918586,0.1598818122683609,2.1365805923167596,0
0.0882126540191904,0.14475177668466915,0.11648221535192978,1.1111170602830989,0
0.2062183013819203,0.1758217168884611,0.19102000913519068,1.979458848701843,0
0.09485327633454663,0.12374201545027555,0.10929764589241109,1.8197343146733385,0
0.1663319107888721,0.10785652387354969,0.1370942173312109,0.5539341996540385,0
0.1363837232312981,0.05293784594247677,0.09466078458688744,1.0109010307862543,0
0.0940901979701386,0.17044474614659819,0.1322674720583684,1.993655996658221,0
0.1930860977108945,0.1305958240417233,0.1618409608763089,0.9156173694804183,0
0.13106520986709505,0.08050721250224915,0.1057862111846721,2.197778314794296,0
0.08702323971134711,0.12156157827289191,0.1042924089921195,1.236299375577789,0
0.20628134662646583,0.09276948849005466,0.14952541755826024,3.1719858690159706,0
0.07923580755741055,0.1244821653398255,0.10185898644861803,0.027772056043116056,0
0.1266721096387911,0.1366339321487447,0.1316530208937679,2.3383899193290176,0
0.1643466974280828,0.0633945906369608,0.11387064403252181,0.9840708251243556,0
0.20030179309707535,0.13225813148660095,0.16627996229183817,0.6024763918910887,0
0.2266169951361868,0.18277140990565638,0.20469420252092158,1.184462807765382,0
0.20263006029958214,0.11089072895195987,0.15676039462577102,0.7632924260003567,0
0.13280914046773967,0.10431003766666093,0.1185595890672003,1.7668392988804593,0
0.14438316651790054,0.13774684196526663,0.14106500424158358,1.0570936070386296,0
0.16213791417562828,0.17547198699932082,0.16880495058747455,0.28458167141581603,0
0.24263065787223853,0.0841815616702199,0.1634061097712292,2.6748356761546037,0
0.16932035029501255,0.1415437834695095,0.15543206688226102,1.346869659648793,0
0.17181087955899907,0.20791483000631797,0.18986285478265852,0.7316790442871389,0
0.2077652363793545,0.20412205135322684,0.20594364386629066,1.3950383960193058,0
0.18758923249608916,0.1478723931835839,0.16773081283983654,1.6500911732808485,0
0.22444365282169743,0.12264794634103972,0.17354579958136856,1.1313097803686984,0
0.17589699735599315,0.1214375308389009,0.14866726409744702,2.3580481818317653,0
0.08151344525461868,0.20236704353692303,0.14194024439577085,2.577691062952124,0
0.08595546961548371,0.17027033402566016,0.12811290182057194,1.8134522417164463,0
0.12688546145888407,0.14652684453429038,0.13670615299658723,1.111709981345856,0
0.20572634407133844,0.16356428625887093,0.18464531516510468,0.5372832078481864,0
0.08903215940013572,0.13842362528960328,0.11372789234486949,2.520385021780223,0
0.13779176648713456,0.2147958015012176,0.17629378399417608,2.133567851966604,0
0.03101431991969511,0.11196703759959924,0.07149067875964718,1.573842346108052,0
0.19611608620669838,0.175114508103372,0.1856152971550352,1.0742849787226298,0
0.13534973282371243,0.19055747862597033,0.16295360572484138,2.0084433266210677,0
0.17279287030296597,0.07042519651332896,0.12160903340814747,0.9832321639077638,0
0.1828425838478859,0.18463147982341666,0.18373703183565127,2.3143816782118867,0
0.166506477822283,0.15576704640043565,0.16113676211135933,1.899500078266287,0
0.12278861284453246,0.1088834000229474,0.11583600643373992,0.44560202494156154,0
0.1498720711832114,0.245290731167153,0.1975814011751822,1.4464574952151117,0
0.15511332993330618,0.15600755667366006,0.15556044330348312,1.9557711199263776,0
0.18218942517151948,0.1960016400801721,0.18909553262584577,2.4662454497689237,0
0.12913106844240202,0.20386851357581812,0.16649979100911005,0.8683080634026563,0
0.19351702390426995,0.07567347278212685,0.13459524834319841,1.58818637127161,0
0.06872795609545038,0.0883380774257796,0.07853301676061498,1.643387529041973,0
0.15168231849773012,0.18830565601748953,0.16999398725760984,1.0308254332748137,0
0.12741667253848002,0.16893800361613684,0.14817733807730843,1.5454625671830056,0
0.15126739373687056,0.11615384719207891,0.13371062046447474,1.3185402813539306,0
0.12922628028540198,0.16479268202420527,0.1470094811548036,0.5720628096948954,0
0.15145796267501688,0.11205644477089231,0.1317572037229546,1.2903889401258724,0
0.027940287215728707,0.1440485156967826,0.08599440145625564,2.0458551638710194,0
0.15732434136324847,0.07609838283993062,0.11671136210158954,2.0320862985316968,0
0.1954547895473388,0.15940153098362858,0.1774281602654837,1.2903293169890246,0
0.1306161141310761,0.08870757128738495,0.10966184270923052,2.7104740292231133,0
0.13406913179078297,0.1330657788266214,0.13356745530870218,2.008590941057723,0
0.14923635382116848,0.1885178130920637,0.1688770834566161,2.183170411166849,0
0.10994049362068045,0.08822472818645255,0.0990826109035665,0.37559274167076917,0
0.10478617447141192,0.10237653052996382,0.10358135250068787,1.2854085950605794,0
0.1521019222467709,0.11171305052944272,0.13190748638810681,0.8412409123692911,0
0.18817978301968932,0.09830394482915775,0.14324186392442353,0.4822374777893619,0
0.15463813229581935,0.1698428852732498,0.16224050878453458,2.4813600338418618,0
0.20301955048129222,0.09193705300687906,0.14747830174408563,1.113481447902581,0
0.14324154802799102,0.212905721678853,0.178073634853422,1.704845776237219,0
0.12844043352791434,0.14531343532736726,0.13687693442764082,1.3409125924997913,0
0.09043397408614037,0.10157247863270029,0.09600322635942032,0.8677231146664794,0
0.10457432372056806,0.10467925284693548,0.10462678828375177,1.3861736073985125,0
0.10684203627208212,0.17164780255406073,0.13924491941307143,0.9784329110861271,0
0.145709389286089,0.09275078271075131,0.11923008599842017,0.9735159753609403,0
0.10480287686738325,0.1866615816193841,0.14573222924338367,2.2226804610625766,0
0.11070071190852014,0.11363081891658547,0.1121657654125528,2.1969836289420352,0
0.14135996878278564,0.12555210405346684,0.13345603641812626,1.9851052056325469,0
0.19737893800618078,0.1577687809848377,0.17757385949550925,1.0340520573797523,0
0.18516755799426396,0.2006462297468595,0.19290689387056173,1.8025518785979056,0
0.1830299400072513,0.1451275510479551,0.1640787455276032,1.6966836320043357,0
0.12980451587342348,0.1940466897562294,0.16192560281482643,2.5168317767276784,0
0.19402643692761498,0.21928498706485486,0.20665571199623492,1.7019217122815604,0
0.16582323682162092,0.09880346670829747,0.1323133517649592,1.098399263556344,0
0.0864323258549272,0.1585431701233446,0.12248774798913589,1.7212871726971106,0
0.1032662751509889,0.13072807983169404,0.11699717749134148,0.5339050550269987,0
0.19826087541852996,0.20488919695870203,0.201575036188616,1.496972065674624,0
0.10904190760616828,0.1453862306890432,0.12721406914760575,1.4172158156305623,0
0.15718429195759426,0.16650803300925066,0.16184616248342246,2.074757301080619,0
0.1357567135763424,0.19967574708677543,0.1677162303315589,1.170258065431357,0
0.15245462025408243,0.1477800101752997,0.15011731521469107,2.248784048367259,0
0.0577822667392729,0.059926793265775595,0.05885453000252425,1.3491056987867156,0
0.17145746228182343,0.2049411482170474,0.1881993052494354,2.744031068184105,0
0.21787157075880625,0.12049665708211067,0.16918411392045846,3.2671956274259886,0
0.1713158446611921,0.15382771464429107,0.16257177965274158,1.5093625534116013,0
0.16651481239228327,0.2103241086219838,0.18841946050713354,1.4857416394533465,0
0.19669823999138822,0.17910854631272838,0.18790339315205828,1.3919080672127206,0
0.14245010167929834,0.12833625597776274,0.13539317882853052,1.5397481724407998,0
0.15152402897888761,0.13380771989210302,0.14266587443549533,0.595848528211303,0
0.18586913619027212,0.18847198878778454,0.18717056248902833,1.5427093340727924,0
0.12603991768781567,0.16365487881774857,0.14484739825278212,1.3633987165565857,0
0.1549197759616536,0.10588216924307267,0.13040097260236314,2.0065843665679335,0
0.19023382650929987,0.15063694736703342,0.17043538693816665,2.168116820740657,0
0.22083030332009027,0.09490889647682693,0.1578695998984586,2.199182155736761,0
0.20812584674015155,0.14092568626752752,0.17452576650383955,1.3421020736943188,0
0.19298005177457456,0.21729419045964604,0.2051371211171103,1.7241835398625156,0
0.19209637788786532,0.10660865158369968,0.1493525147357825,2.293036322040751,0
0.11485579038640552,0.15612508271675646,0.135490436551581,1.2908200367670641,0
0.16401274192435478,0.13432100810781217,0.14916687501608347,2.250304599716417,0
0.14608261267571343,0.14221982089688381,0.1441512167862986,0.6004599264456767,0
0.13237862941234815,0.1422407471327509,0.13730968827254952,2.492596137908027,0
0.12489324789964426,0.20109193353432225,0.16299259071698324,0.029314748509044142,0
0.10049918976999006,0.12879300144448566,0.11464609560723786,1.7596258108091434,0
0.11464199096069982,0.1531794238597076,0.13391070741020372,2.0643213478835847,0
0.03548736243860459,0.1596524490397833,0.09756990573919394,1.4616065736327828,0
0.0720157172645691,0.20259601060597118,0.13730586393527014,1.8788086894680955,0
0.12465154325193029,0.15044157979276088,0.13754656152234557,0,0
0.20810067760621653,0.0967751207466151,0.15243789917641581,2.5776199787199627,0
0.09921543455578755,0.14683207540942184,0.12302375498260469,1.2604191958374305,0
0.1687321573390524,0.1315630241992233,0.15014759076913786,0.905052684805857,0
0.20300862654789642,0.15658889827252034,0.17979876241020837,1.48691876540405,0
0.18260006609328833,0.10838510531574186,0.1454925857045151,1.703414410198178,0
0.14742113863698078,0.15633138306164845,0.1518762608493146,3.271209046938682,0
0.1199696689823333,0.13847888873476313,0.1292242788585482,1.4258442503202902,0
0.13300844055628824,0.07027976287712126,0.10164410171670475,0.9615235458939866,0
0.1176215044174824,0.13146474003876393,0.12454312222812317,2.2847846745910045,0
0.12199444287055383,0.15580093270028234,0.13889768778541808,0.07812912129363858,0
0.1254571773896927,0.14661256616314255,0.13603487177641763,1.6973905905644104,0
0.17274403752325698,0.1841855405873299,0.17846478905529345,1.8343289047314693,0
0.16000516138690118,0.1313139608131069,0.14565956110000405,2.1755436929158534,0
0.19818995525694202,0.09316147285094044,0.14567571405394122,2.154125196321118,0
0.1572952513130984,0.22358902021412397,0.1904421357636112,2.6072171223802547,0
0.15991990824276414,0.10924236246909126,0.1345811353559277,0,0
0.20457242400761583,0.1195450491974555,0.16205873660253567,2.36227524523114,0
0.20184828801384402,0.14089620560131025,0.17137224680757712,1.444818091153359,0
0.1521624501517338,0.1720224425427661,0.16209244634724995,1.5747623187698454,0
0.14161502723241623,0.1621030053640694,0.15185901629824283,1.7526222680207384,0
0.16280539507181876,0.16240543022414522,0.162605412647982,1.8654806588557795,0
0.17058238199479756,0.12371099526410105,0.1471466886294493,2.675242806925536,0
0.06786930034006945,0.09176634478238971,0.07981782256122957,1.6115618655320207,0
0.15567325302217444,0.17797736189860358,0.166825307460389,1.6517061359535805,0
0.1757252365503946,0.16290943897050583,0.16931733776045022,0.8764723242559898,0
0.09315038808145125,0.17195207847713245,0.13255123327929186,1.6408338303526966,0
0.10325028658696178,0.2132481317955574,0.1582492091912596,0.08958461884301894,0
0.13580629341369838,0.2353918680967604,0.1855990807552294,2.4279983359845803,0
0.15578892008153739,0.15625420082231112,0.15602156045192425,0,0
0.09517949296383876,0.16390880559480514,0.12954414927932195,1.325417848472188,0
0.11338382221793286,0.12863373164813569,0.12100877693303427,1.2369457968673134,0
0.1622114815730911,0.14360388822233058,0.15290768489771084,1.0456015106173604,0
0.12157385378119462,0.16922224465106483,0.14539804921612973,0.6000617132732339,0
0.1423174716606143,0.1860832192810642,0.16420034547083923,1.5689308784118992,0
0.10427851103312633,0.1544516018267863,0.12936505642995633,1.4003375352828489,0
0.18217874247606136,0.0846829939745784,0.13343086822531988,2.0320227577768066,0
0.18304122521558036,0.13411058373927628,0.1585759044774283,1.9539019143994394,0
0.12251862172036236,0.19608909820605933,0.15930385996321084,0.8866887603201165,0
0.1176060152393462,0.18274201981199203,0.1501740175256691,0.8574794997829221,0
0.15243245828476557,0.15378035073187984,0.1531064045083227,1.3851938159426636,0
0.16416959606593245,0.11858110748161221,0.14137535177377233,1.243614658957702,0
0.1525214594075449,0.11418846525350332,0.13335496233052413,2.531601478950167,0
0.11717867359037455,0.1669223015566102,0.14205048757349237,1.2812531885460559,0
0.16076896349658118,0.04523984859127725,0.10300440604392921,0.6304037957342968,0
0.14442442160572255,0.13508351067606905,0.1397539661408958,0.5426839968923235,0
0.19484752863179083,0.1344487541404621,0.16464814138612646,1.8700581721833296,0
0.13489794243947467,0.19817037026022707,0.16653415634985086,0.584406156693572,0
0.19838248098564176,0.2001708639351149,0.19927667246037833,2.120577280688398,0
0.20022016760246342,0.16450349139624476,0.1823618294993541,0.6229237398957432,0
0.06768394256281228,0.16968664109550652,0.1186852918291594,0.9774556852806378,0
0.20507228261792487,0.11181523611573703,0.15844375936683094,1.1664256485639024,0
0.08351936579687833,0.19549879277471358,0.13950907928579595,1.2907940498114985,0
0.06218359992871324,0.17989600627056265,0.12103980309963794,2.61215551231592,0
0.11227205243653286,0.06653498197010815,0.08940351720332051,1.6550196176623424,0
0.15902450178685587,0.10825414824511669,0.13363932501598627,1.8344839050260864,0
0.14749666326606697,0.15364383224018752,0.15057024775312725,1.5182167503843425,0
0.19131089494226264,0.12702895101682202,0.15916992297954233,0.45136061607608546,0
0.14339568452064821,0.0819179073516409,0.11265679593614455,2.351429363073676,0
0.17229446560461847,0.10562209870861713,0.13895828215661782,1.5507655494040533,0
0.14644296701200027,0.21750630567760323,0.18197463634480177,1.7823817755660347,0
0.16270834683799973,0.21903687643963154,0.19087261163881564,1.7229902660689953,0
0.10549629455376833,0.1710068055211777,0.13825155003747303,2.0934854131055887,0
0.1715412372281278,0.20706658385509036,0.18930391054160908,1.6566110673272187,0
0.19004541421362056,0.24176500154889236,0.21590520788125644,2.259940092064298,0
0.17632265314689327,0.09376884911668323,0.13504575113178824,3.189357979190227,0
0.10447097243549601,0.10881075914354198,0.106640865789519,0.7209726212518949,0
0.13717132552220096,0.19523392250292185,0.16620262401256142,0.44882096986377507,0
0.14214336369699404,0.25796139187858497,0.2000523777877895,1.3026599638012242,0
0.24408491255940504,0.1870502799274172,0.21556759624341112,1.068745867410418,0
0.1271280364058204,0.14718294242000704,0.13715548941291372,1.9473526706978586,0
0.25118861018535943,0.14524241082408323,0.19821551050472133,2.0397983672448716,0
0.21541547950166395,0.1474346235407724,0.18142505152121818,2.156377802238758,0
0.21111134388009756,0.13048779492238327,0.17079956940124041,2.6021211392257664,0
0.0921544970486946,0.09234189335661414,0.09224819520265437,0.7560307578488803,0
0.13523814690984853,0.10521107383391778,0.12022461037188316,2.411011196171096,0
0.14675202877033672,0.17603612402212282,0.16139407639622977,1.3899648213945377,0
0.19405586322342913,0.16821497519593442,0.1811354192096818,2.4500306493687276,0
0.18001283499627266,0.10257768161819895,0.1412952583072358,2.157455079438235,0
0.23933393821765936,0.12688412550890799,0.18310903186328367,2.1989939688851887,0
0.12551357121818082,0.12726430499459288,0.12638893810638685,2.1570938506398716,0
0.18062533348671636,0.12285780710731664,0.15174157029701651,1.1357638558210357,0
0.14922428283560868,0.19951411787117612,0.1743692003533924,0.6956850109056555,0
0.16213853804644532,0.10502977744807301,0.13358415774725918,2.454038851577401,0
0.0943808866217907,0.2592758408610365,0.17682836374141359,0.462855057570672,0
0.17657695049790056,0.14176929798749072,0.15917312424269564,1.1095828990715397,0
0.15933203883018207,0.11650658823763323,0.13791931353390766,1.4297456162049242,0
0.21664232579982348,0.13775048828141698,0.17719640704062023,1.608141560241546,0
0.17837056918991867,0.21041297568437733,0.194391772437148,1.2328034659575562,0
0.17160762781698993,0.15376230274651226,0.16268496528175108,1.8945207318741675,0
0.1909920138260172,0.16443756551920485,0.177714789672611,1.896143204058077,0
0.08905216904220335,0.17217123855031824,0.1306117037962608,2.0312266937718744,0
0.17991817656634843,0.160501062210471,0.17020961938840973,1.7851229738486751,0
0.20467064459906692,0.15413618214794778,0.17940341337350735,2.0537304966590577,0
0.13050501772688605,0.1609164559500002,0.14571073683844313,1.2749140739676783,0
0.18321716447013758,0.15833955790655999,0.17077836118834877,1.783611225038657,0
0.2468340181815376,0.15042354577740524,0.19862878197947142,0.6069157191654572,0
0.11430707756454393,0.1334336962164193,0.1238703868904816,0,0
0.11204653527562278,0.22650194403595475,0.16927423965578875,0.9302068640208195,0
0.16220449157499928,0.12956863317077058,0.14588656237288494,2.124894600842086,0
0.08576256476857425,0.16009583233585895,0.1229291985522166,1.045982939742492,0
0.14903881118697293,0.10031838674130908,0.124678598964141,1.50999402618204,0
0.05309789150474527,0.16098782065980105,0.10704285608227315,1.3516244222080163,0
0.1554821732772297,0.20975618584460182,0.18261917956091578,2.2635705855887016,0
0.17713243295967618,0.1940896252762594,0.18561102911796779,1.3485990861401171,0
0.12326778449632696,0.17812971949709794,0.15069875199671245,1.7477276637862222,0
0.18440660285100902,0.2060534699763667,0.19523003641368786,2.647143922587085,0
0.10704733421007405,0.07179861298449557,0.08942297359728481,1.0463185366797056,0
0.18622359689887732,0.1501792918621288,0.16820144438050305,2.0902422232277473,0
0.09306574725420057,0.08705393180791836,0.09005983953105946,1.2793791999422517,0
0.14200894353279486,0.15915557608153755,0.15058225980716622,1.9391715485434595,0
0.21023117926727442,0.14634415781415666,0.17828766854071554,1.1464629255719223,0
0.23068587387311162,0.17013837081966163,0.2004121223463866,2.2927159409311777,0
0.19270373381774955,0.13676095788737966,0.1647323458525646,1.8155772338274412,0
0.11143170605912768,0.12142713532654781,0.11642942069283774,1.7010442417676173,0
0.21769505139577183,0.14464349382831476,0.1811692726120433,1.9948387521496476,0
0.19335314854110341,0.09045689248989174,0.14190502051549758,2.3785987040569823,0
0.20183082167335,0.1826328274003324,0.1922318245368412,2.178082162948429,0
0.18117193661803638,0.16247542704163292,0.17182368182983465,1.4885591780514087,0
0.10779794056439354,0.14502699618590814,0.12641246837515085,1.7497341866362495,0
0.2151021966272245,0.11200867088112394,0.16355543375417422,1.8032170214484513,0
0.13745409659812702,0.10985068351744921,0.12365239005778811,2.4572599487192184,0
0.1518385506615518,0.19581481891747277,0.1738266847895123,1.5740203744875623,0
0.15021171621208818,0.12689078952064267,0.13855125286636544,1.0200458860215467,0
0.1820092022298462,0.1988795362708762,0.1904443692503612,0.6422852867284539,0
0.12915046868573418,0.1748755871059528,0.15201302789584348,2.1607015974513875,0
0.1854295888194513,0.1628568529087392,0.17414322086409523,2.0052323570033552,0
0.17353401259672094,0.1044034628366112,0.13896873771666607,2.545522291157088,0
0.1974234244781767,0.11090437247349502,0.15416389847583586,1.870404741720027,0
0.1554673873073346,0.2204983188652874,0.187982853086311,1.6738762435902212,0
0.18743905104800238,0.1898856769251312,0.18866236398656677,1.2629952111260725,0
0.16531864463469464,0.07635375579159574,0.1208362002131452,1.5827421024337776,0
0.10937279941986605,0.1488081551955957,0.12909047730773088,1.9147814055201593,0
0.1908453724583609,0.13857679866019823,0.16471108555927955,2.614632097021245,0
0.14921211504146667,0.16450516689653347,0.15685864096900007,1.150442382744476,0
0.1659396164341971,0.12017291407547348,0.14305626525483528,2.9300545487705323,0
0.08328381646544986,0.1438642104113879,0.11357401343841887,0.18624085545169122,0
0.10240654024911322,0.13450829729257027,0.11845741877084175,0.7213628171835088,0
0.26566680504785245,0.17672240010125645,0.22119460257455445,0.8395828145423575,0
0.19215758753417655,0.14663567346690431,0.16939663050054043,1.4920987269319896,0
0.12707834287930675,0.13014755718748305,0.1286129500333949,1.790707782794681,0
0.11818022668399383,0.22616126024440097,0.17217074346419742,2.8501002608393353,0
0.17972022825128114,0.10645728507102241,0.14308875666115178,2.037507243759382,0
0.20919829087897884,0.13852655241772613,0.17386242164835247,1.134649647021748,0
0.1510018456150375,0.1642459972492046,0.15762392143212106,1.6800899705666321,0
0.14440817118895152,0.18603315461302194,0.16522066290098675,1.4120214001310074,0
0.12451181282374893,0.09512726202794317,0.10981953742584605,0.9182948750833988,0
0.23165929687657805,0.18236813913921146,0.20701371800789475,1.7841564616090244,0
0.13581214869044,0.14397815942133782,0.13989515405588893,1.5704848075806135,0
0.11813357476349311,0.14449220707744737,0.13131289092047024,1.8784007696318348,0
0.14157221497931521,0.20033013343338807,0.17095117420635164,1.1961173036525423,0
0.11931779742551937,0.10053848622748054,0.10992814182649996,2.9024744075757933,0
0.17372818063167592,0.1110843145448674,0.14240624758827167,0.3954357002361635,0
0.1495137143647368,0.13901205317559412,0.14426288377016544,0.21085342365220927,0
0.1627885958949953,0.21968585882668287,0.1912372273608391,1.5791672243984158,0
0.13598331880863132,0.2608346837120934,0.19840900126036237,1.2064204931804776,0
0.15909097670370662,0.14911011416758896,0.15410054543564777,1.8842546412453252,0
0.1476439447686479,0.14027281292035731,0.1439583788445026,1.0346364549924005,0
0.20477553901493664,0.17588718947821536,0.19033136424657598,0.7703542023730772,0
0.06919006958155438,0.17915204718784972,0.12417105838470205,1.0895856878807753,0
0.1352657112569321,0.17437522513186482,0.15482046819439846,0.7328146797694253,0
0.1053858634919318,0.15871449203852223,0.132050177765227,1.6911313397684187,0
0.13743412340506653,0.1067761687101599,0.12210514605761322,1.3623352330862102,0
0.13188809325448814,0.16642046721441472,0.14915428023445143,1.7259688533751725,0
0.13767955749757932,0.2346351140379866,0.18615733576778296,2.0976304765045644,0
0.2139404208676383,0.09300748966302608,0.1534739552653322,0.4500038428062605,0
0.1458700191151092,0.12579766024007177,0.1358338396775905,0.216516511558279,0
0.13032856171203755,0.16342419415309617,0.14687637793256686,1.3272582721257264,0
0.10623270689301731,0.1551781639895942,0.13070543544130575,0.6260884121696039,0
0.10037849288829447,0.09483197929368077,0.09760523609098762,2.333158163186141,0
0.15384881704609396,0.07661904997244874,0.11523393350927136,0.04455957914047248,0
0.11129913854198482,0.15872749876387743,0.13501331865293112,0.5743421930804855,0
0.11348015337511416,0.16298860503409288,0.13823437920460352,2.3676887308463126,0
0.10896268040812179,0.1272708548854447,0.11811676764678325,1.1822029460251378,0
0.1383947300279437,0.12211454805941692,0.13025463904368031,1.4891166391822854,0
0.18691979309671633,0.19323907484334016,0.19007943397002824,1.4928359778853237,0
0.16263344065688773,0.16875446855425927,0.1656939546055735,2.245380386970985,0
0.14088497113677886,0.1375938767366427,0.1392394239367108,1.6903419224443634,0
0.15515805493154974,0.1281144052431799,0.1416362300873648,1.5978269727803285,0
0.11803428242409308,0.1389429756149719,0.1284886290195325,1.895572974227752,0
0.21144914434113593,0.12116666170264395,0.16630790302188994,0.8847860265410463,0
0.1813727082609441,0.11223849328407046,0.14680560077250726,1.4254399645418547,0
0.1413241022298929,0.09964374058969097,0.12048392140979193,1.3485802703331715,0
0.17436138738132315,0.12442057780467193,0.14939098259299755,2.0878061281624847,0
0.12200288645812762,0.14830891513885158,0.1351559007984896,1.5780132689583874,0
0.08102598147206157,0.08958289266532668,0.08530443706869412,1.4314564101756544,0
0.17020054663742495,0.14088729178618006,0.1555439192118025,1.2371060291250706,0
0.03573312621525057,0.11753777325648704,0.0766354497358688,0,0
0.16036720498525903,0.1235328424021792,0.14195002369371912,1.2191400502193368,0
0.17762807487803467,0.098951973618874,0.13829002424845432,1.3915250410731983,0
0.13096377396993353,0.15222394125934305,0.14159385761463827,1.799805472847138,0
0.17049894713152025,0.1039001000141199,0.13719952357282006,2.3942039259879486,0
0.0701388062219456,0.156398409007546,0.1132686076147458,2.9090797734431533,0
0.14883605343069023,0.1358660754194607,0.14235106442507545,1.1534736143677848,0
0.14610750011886692,0.1372425155551325,0.1416750078369997,2.1399749131021593,0
0.15383904283325872,0.20245925701124298,0.17814914992225084,1.2252047312651417,0
0.16535512897238142,0.14605175537760146,0.15570344217499144,1.0305308994376177,0
0.14492942705383763,0.08841851680435946,0.11667397192909854,1.7265872774065507,0
0.18790141909515823,0.22136688844116664,0.20463415376816244,1.2906816188848564,0
0.17824039382713688,0.13764047419620545,0.15794043401167118,1.9474930389412903,0
0.1777424552491396,0.20265075499178287,0.19019660512046122,2.116521625163543,0
0.19529552083308677,0.1316536481073537,0.16347458447022023,0.49581291298879226,0
0.15254613109818055,0.1952629734320218,0.17390455226510118,2.34660734268008,0
0.17174886860845223,0.1532465514634083,0.16249771003593028,2.2677704063899773,0
0.09703619856031395,0.17320426065900366,0.1351202296096588,0.6603841166959619,0
0.21785013864815,0.16402337908332246,0.19093675886573624,0.8355820220878487,0
0.164225427897493,0.16311771209622142,0.16367156999685722,2.1494708994873766,0
0.19374117686757322,0.16725907446882504,0.18050012566819912,1.3806323094804274,0
0.11511745582542517,0.10078271931208367,0.10795008756875442,1.8235069360516314,0
0.17958600096061697,0.16237163125962148,0.17097881611011922,2.332984248670134,0
0.2341186943098747,0.11259765079165177,0.17335817255076325,1.5988817049359796,0
0.1188206956019152,0.11844728384116274,0.11863398972153896,1.2753685158785864,0
0.17652995609240119,0.13098100797810833,0.15375548203525474,1.6616121933688404,0
0.1039395506637584,0.18252478549034012,0.14323216807704925,1.3594018604515175,0
0.1729631543916194,0.16272292082838494,0.1678430376100022,1.5900378297072957,0
0.19200332511133236,0.1288088854736081,0.16040610529247024,2.01728261041661,0
0.14018952820183828,0.14848167970941906,0.14433560395562867,1.1851308029566516,0
0.09576078196550004,0.09151798248067902,0.09363938222308954,1.4755212260267594,0
0.1639617226016494,0.19214691217043675,0.17805431738604308,1.5736494450310479,0
0.11192875156477808,0.16430282787270284,0.13811578971874044,1.9152531662500458,0
0.15606752559574877,0.18036665636979288,0.16821709098277082,0.9707307563738398,0
0.09319528280101867,0.11206229034105489,0.10262878657103677,1.5513508545997314,0
0.16055746210153954,0.15733407404978822,0.15894576807566388,1.781137477638422,0
0.1186744095383171,0.10798573188903642,0.11333007071367676,1.4432983226499891,0
0.17353292466062578,0.07851722271879097,0.1260250736897084,1.2061011194872047,0
0.15819955784356812,0.15770721159745815,0.15795338472051312,1.2200140333023468,0
0.18082836684114142,0.11314246045797102,0.14698541364955622,1.6832872153819316,0
0.1603750177167232,0.15192892496098237,0.15615197133885278,2.1304688927336817,0
0.07814061949585441,0.09788722848210628,0.08801392398898034,1.9153106627833307,0
0.181377280625777,0.1347610659410978,0.1580691732834374,1.0578589461114056,0
0.09051792960644119,0.14666674522533427,0.11859233741588773,1.3906380410629167,0
0.23984987737892394,0.1143815055028252,0.17711569144087458,0.18340285659048594,0
0.15266838249623313,0.14294726873629612,0.14780782561626463,1.9759640984278517,0
0.1370742144380252,0.15602560084257303,0.14654990764029913,1.7230009111677866,0
0.10575815687091182,0.12073055917191979,0.1132443580214158,1.084835436617204,0
0.09468130299132244,0.16936299420204068,0.13202214859668154,1.0547450538934744,0
0.19119034668862933,0.08430618460129563,0.13774826564496248,2.1533374364792186,0
0.15800755485589116,0.13857247566395067,0.14829001525992092,1.1983782989063352,0
0.13297613007622613,0.16219810767516699,0.14758711887569656,0.42852515570871597,0
0.15550777240442626,0.14283825052242802,0.14917301146342715,2.306457014660534,0
0.1373525120717821,0.15952161415324315,0.14843706311251262,0.7616585443228777,0
0.0788421341075374,0.07662285710544459,0.077732495606491,2.0834399636377463,0
0.07994238036687676,0.14969089103671884,0.1148166357017978,1.1986635958908913,0
0.15427609853045382,0.08583849214432215,0.12005729533738799,1.161340823343156,0
0.15546457541057232,0.16959924037688956,0.16253190789373095,1.3802556832019404,0
0.1486516504277742,0.18552435846498055,0.1670880044463774,1.1465561591190498,0
0.17886613589055272,0.18136929409879476,0.18011771499467374,1.8258048310115107,0
0.15033463583100792,0.11121095885468654,0.13077279734284725,1.8269844295337858,0
0.11094597742052881,0.11049907803234452,0.11072252772643666,0.2737706105747755,0
0.10987246857008365,0.09956076031519687,0.10471661444264026,1.8938153894652254,0
0.18067573540161982,0.11252939904610001,0.14660256722385992,3.4127442876875755,0
0.2432910847483934,0.0786383338932873,0.16096470932084034,1.516080376266968,0
0.14726348708892747,0.16363307924697892,0.1554482831679532,1.18443199940902,0
0.20101653661198804,0.15479045192722232,0.17790349426960517,1.315204840136598,0
0.13307977485217054,0.1704882835252585,0.15178402918871453,1.9403007252324047,0
0.19206009403493873,0.12056112004678514,0.15631060704086194,0.09606604239319583,0
0.1549021917306953,0.18051091466146357,0.16770655319607944,1.7896124746182847,0
0.1479271639753453,0.20319911435914592,0.1755631391672456,2.4358246314991,0
0.18527540307210522,0.1313921784148071,0.15833379074345616,0.43324410850041994,0
0.2021528905512297,0.2264045848797891,0.2142787377155094,1.037264378082003,0
0.1588377092323387,0.1744242605985506,0.16663098491544465,1.0360871007675676,0
0.11936625134421146,0.18620810650012937,0.15278717892217042,1.970518928801702,0
0.10143379700537707,0.10761228651060142,0.10452304175798924,2.3658393206984814,0
0.12193275609004532,0.18308667773871184,0.1525097169143786,1.453730781227848,0
0.1846149802242576,0.14405063579079078,0.1643328080075242,0.9532034905524881,0
0.14411092792081176,0.17639245412282795,0.16025169102181985,1.7980230135784485,0
0.05213335509924032,0.17294010841367147,0.1125367317564559,1.2131350291901453,0
0.11352427408012897,0.1799024195335701,0.14671334680684955,1.1114341659704534,0
0.1735256481519934,0.09456222601529637,0.13404393708364487,1.50551614022914,0
0.11825558419713086,0.13997767920489534,0.12911663170101312,1.1587141064828188,0
0.18648369496034314,0.16234858522208223,0.1744161400912127,0.9295267379259942,0
0.24011587019609482,0.2505023167086886,0.2453090934523917,2.8686857247366646,0
0.14424186235004355,0.2422536379020996,0.1932477501260716,0,0
0.12349864278665652,0.17724147933920298,0.15037006106292974,0.46475799639211357,0
0.16673499554529203,0.16681997462421744,0.16677748508475473,0.7282716138796667,0
0.10022374613448662,0.14600736616898347,0.12311555615173504,1.2386080555653427,0
0.13585234829309334,0.1354826609012583,0.1356675045971758,2.0042022059052025,0
0.21704520719800996,0.1258258221834845,0.17143551469074725,0.8611267553117947,0
0.14828496224596419,0.2221215345473589,0.18520324839666152,1.885074012009149,0
0.2268506347684652,0.2072362212440227,0.21704342800624393,2.647525322185066,0
0.22465926314484608,0.24145621915863788,0.233057741151742,0.778738138250878,0
0.2410333503069701,0.20814097135505888,0.2245871608310145,1.5814791962088766,0
0.20017712962835313,0.13637408346103275,0.16827560654469292,1.0867132963877573,0
0.2331453489009852,0.062064966257210225,0.1476051575790977,1.414130265824165,0
0.10806932823592784,0.16964392326620198,0.13885662575106492,1.813373806868134,0
0.15698998622841748,0.147059815260922,0.15202490074466973,1.2956853477823462,0
0.18087343944650258,0.11832808820761902,0.1496007638270608,1.7351179773832608,0
0.11125422277975824,0.10999916245150927,0.11062669261563376,0.09919481727210581,1
0.13108590962754055,0.07935137241035739,0.10521864101894897,0.11640721754289014,1
0.09202101393891822,0.14425814199946024,0.11813957796918922,0.12327199609767032,1
0.1419821792555738,0.12384826870751452,0.13291522398154415,0.1699373974639538,1
0.11222849097935526,0.16593074342660125,0.13907961720297826,0.15030010263987809,1
0.10447936074321945,0.10542172310876631,0.10495054192599287,0.13077339328163942,1
0.07820102353102265,0.1560967017138804,0.11714886262245153,0.07258694936667548,1
0.08301242654647636,0.1711321225819707,0.12707227456422354,0.14532854943975476,1
0.1549485440855879,0.08374263953048842,0.11934559180803817,0.13151334599840284,1
0.12129352731973565,0.07144041828524043,0.09636697280248804,0.19689117049091076,1
0.1301156273812958,0.10133369288860525,0.11572466013495053,0.018776178019275086,1
0.13038244785092667,0.15869753439261197,0.14453999112176932,0.16519036565065048,1
0.12911610045675948,0.045314726415360725,0.0872154134360601,0.017904667392293766,1
0.13539265819800395,0.07587779618473495,0.10563522719136945,0.22812818605866725,1
0.08622524011435373,0.14023665253026474,0.11323094632230923,0.09488635167429883,1
0.12213937949900083,0.11662307524399958,0.1193812273715002,0.13466428613197778,1
0.07538021856913779,0.12346263176265371,0.09942142516589575,0.053582173185215104,1
0.06408282414300355,0.12744815653312172,0.09576549033806264,0.09552778333378702,1
0.14376442543372236,0.08589872587268063,0.1148315756532015,0.0333740416094203,1
0.10311267622100609,0.12725515931655917,0.11518391776878263,0.09029084998253734,1
0.11061827370060003,0.09208116452915868,0.10134971911487936,0.16991125777609717,1
0.09175758131824444,0.1015576691401029,0.09665762522917368,0.10403346758364435,1
0.1508420466871917,0.14085488536343885,0.14584846602531526,0.061267592259252324,1
0.08595664086098445,0.05850309838421893,0.0722298696226017,0.08161387517299731,1
0.0837274587848882,0.11092693632961452,0.09732719755725136,0.07554449985218083,1
0.1255454184037619,0.10639788170026314,0.11597165005201251,0.14138382459922524,1
0.1267683179423794,0.07003023043011676,0.09839927418624808,0.09542626942749957,1
0.11655744106665758,0.17078642355639986,0.14367193231152872,0.13750621847476682,1
0.12522714138800917,0.12230082983388757,0.12376398561094837,0.13945496234705446,1
0.13983685190606035,0.09163867999928345,0.1157377659526719,0.09100053034852386,1
0.1185315488206113,0.1157402956266606,0.11713592222363595,0.12310007589414103,1
0.0713708963943284,0.10716165419316852,0.08926627529374846,0.11009740360850614,1
0.10942297052616222,0.1709242603099258,0.14017361541804402,0.17035618394352509,1
0.08360108075470714,0.15174258157189666,0.1176718311633019,0.03754292370446401,1
0.15186722313914722,0.18309430709741326,0.16748076511828025,0.1080584701513651,1
0.07158658717555798,0.1150289004215025,0.09330774379853024,0.026574893831529556,1
0.1408197797987125,0.08887782066747187,0.11484880023309219,0.06793946357027866,1
0.07851786938002778,0.10955727816796285,0.09403757377399531,0.10657269544015635,1
0.1550138758542739,0.15217716217184662,0.15359551901306026,0.05541035150462601,1
0.1696683702628394,0.13990058031213345,0.15478447528748643,0.12875202147576198,1
0.08974249910812138,0.0734856278909305,0.08161406349952594,0.046124938845538026,1
0.0973015371276611,0.12123532098411037,0.10926842905588574,0.11312330448669902,1
0.12423654158567052,0.14426984351720198,0.13425319255143625,0.06909867473173084,1
0.1391118525703346,0.17523159800240712,0.15717172528637086,0.11629526700439258,1
0.10611933012827497,0.12434426175744866,0.11523179594286181,0.043932429923401455,1
0.16953810765158178,0.11525022550078987,0.1423941665761858,0.12267746879296587,1
0.18743347395045407,0.07983528765211632,0.1336343808012852,0.06864841661109497,1
0.16211872789902476,0.14157368777197704,0.1518462078355009,0.11428557159962102,1
0.1550823264365224,0.18162310239578788,0.16835271441615512,0.10138133011283897,1
0.13144521072076498,0.11386843264202703,0.12265682168139601,0.06917397127054974,1
0.08077970194022363,0.09875940052057487,0.08976955123039926,0.08930679583087581,1
0.13665536856171787,0.08654366878976484,0.11159951867574136,0.13260448510458894,1
0.1157879073683208,0.08857083497528742,0.10217937117180412,0.022885546859035183,1
0.10803022208995158,0.1311712786161509,0.11960075035305125,0.08988889674030892,1
0.07429094835725084,0.12334570562659812,0.09881832699192447,0.14058042432793175,1
0.0923697949915785,0.1101005626463236,0.10123517881895105,0.07027902755459677,1
0.1265407881814509,0.10015045697088593,0.11334562257616841,0.05983130515269183,1
0.1138484362857126,0.08721128998774935,0.10052986313673098,0.06960330858435873,1
0.09283454757007126,0.08548597499613116,0.0891602612831012,0.07816510605383985,1
0.15839284680556967,0.1285254648805228,0.14345915584304625,0.13067017875041267,1
0.09987851444650075,0.1280925185199639,0.11398551648323232,0.0794409145847303,1
0.14415270196946658,0.12637133796732108,0.13526201996839382,0.09864562366412184,1
0.063654651573652,0.1042292278530599,0.08394193971335595,0.11466793075171385,1
0.13257367651777105,0.14227136868528711,0.1374225226015291,0.09636011210530476,1
0.060383578363182026,0.0776694498414153,0.06902651410229867,0.12158003222548781,1
0.16192251300678473,0.08879364489125595,0.12535807894902035,0.1891147708491216,1
0.09794158738704425,0.10811399942075671,0.10302779340390048,0.10128744406255982,1
0.07597560858279685,0.14797420684142815,0.11197490771211249,0.148506264710522,1
0.11387570241313204,0.1061916071493837,0.11003365478125787,0.13062232727635853,1
0.10750902291279404,0.06680772426868717,0.0871583735907406,0.06801151501292695,1
0.09561302282453746,0.12182705151226676,0.10872003716840212,0.09489706170308133,1
0.10586903828568815,0.16176249901285147,0.1338157686492698,0.07787193809995271,1
0.14390592236156233,0.07431494581920076,0.10911043409038154,0.04412646378033384,1
0.12600551072921387,0.10456396286417816,0.11528473679669601,0.12033945324080304,1
0.09730744666793532,0.09455081110068392,0.09592912888430963,0.07893997952610535,1
0.10986835630791514,0.16256869439135854,0.13621852534963685,0.030118889615364283,1
0.17238062270178486,0.15475629091338755,0.1635684568075862,0.1296768196941053,1
0.13679759406544606,0.11200551960183475,0.1244015568336404,0.056473798548260734,1
0.03290906091331244,0.13086479134557408,0.08188692612944326,0.05016684502868898,1
0.08220831320690103,0.17333461968839373,0.12777146644764736,0.06278965434089971,1
0.15761062083777078,0.07467410928168966,0.11614236505973022,0.10703570206401902,1
0.11019230614453153,0.15485593965782965,0.1325241229011806,0.009031643161118513,1
0.15630962355726932,0.17695623070502708,0.1666329271311482,0.07453856815030055,1
0.12506679058508127,0.113600150744301,0.11933347066469113,0.14963667802838193,1
0.10756363053461487,0.1530442923986663,0.13030396146664058,0.07040484669907839,1
0.11327841761995394,0.09188553835941886,0.10258197798968641,0.06531194330825993,1
0.11442584250744993,0.08406280206100267,0.0992443222842263,0.11146727268501508,1
0.10303083050854892,0.12065003043845093,0.11184043047349992,0.08805321304481101,1
0.10477534580807325,0.06403193168423611,0.08440363874615468,0.019492509801966956,1
0.11415228012956356,0.10592572127392207,0.11003900070174281,0.09780966180649903,1
0.11040851421960926,0.12206183419385143,0.11623517420673035,0.10239296230124244,1
0.10915236051308574,0.13585929552490075,0.12250582801899325,0.01391297572854519,1
0.08340283735973056,0.08103210168321455,0.08221746952147255,0.14507221956760527,1
0.10069665419472025,0.09871044743763636,0.09970355081617831,0.1703128005277701,1
0.12235321161968707,0.0956521400558046,0.10900267583774584,0.10061969726751689,1
0.15658134217762362,0.14083706410446883,0.14870920314104624,0.05322107934704782,1
0.11200963369234866,0.1352409224794327,0.12362527808589069,0.10540117993856113,1
0.1548282913348735,0.16204920978158865,0.1584387505582311,0.10920241254863855,1
0.06865737174243433,0.05691814973812472,0.06278776074027953,0.10445334356804688,1
0.09998835748613025,0.12440878807030693,0.1121985727782186,0.0360513391161547,1
0.14707415804909643,0.15758783323317432,0.1523309956411354,0.005258443188776385,1
0.094560985258881,0.16780446468419583,0.1311827249715384,0.09419105703666636,1
0.0823063016026801,0.09101172974160962,0.08665901567214486,0.08455561740237172,1
0.07812684916471317,0.12392029203937163,0.1010235706020424,0.14086721843170782,1
0.11960982836411345,0.11922143501621643,0.11941563169016495,0.16280125066784476,1
0.09906648899650808,0.06714534415569909,0.08310591657610358,0.11831798823412336,1
0.14288612227685776,0.13541699605819238,0.13915155916752509,0.15212378326266096,1
0.10851498808805914,0.14498528497497315,0.12675013653151615,0.09779783553443865,1
0.10723161516249735,0.10738388728178859,0.10730775122214298,0.08971594844877853,1
0.102143398750696,0.12254311353793153,0.11234325614431376,0,1
0.1433493366491147,0.11807833022764083,0.13071383343837778,0.17985447737417123,1
0.16017174328598177,0.1306409536408101,0.14540634846339595,0.13141632051869115,1
0.06856517662474745,0.16159635989625337,0.11508076826050041,0.10667801528658231,1
0.09273246398661493,0.13296600235402894,0.11284923317032194,0.15962210738055088,1
0.14066114727421333,0.1656402936789138,0.15315072047656358,0.1378148554332216,1
0.112199846801599,0.08803304107224927,0.10011644393692413,0.18556292525521728,1
0.1796321038861014,0.08631549130065236,0.13297379759337688,0.07403723704127368,1
0.09419434074218493,0.13825612199090523,0.11622523136654508,0.03528331194229664,1
0.1186265306569001,0.10541817989938485,0.11202235527814247,0.09472230901694803,1
0.06854737464933193,0.08065709335982857,0.07460223400458024,0.12850229870203828,1
0.1268303380767963,0.13446922808707015,0.13064978308193323,0.16760675602482242,1
0.11131179460719934,0.14589228998732223,0.1286020422972608,0.023981901275619777,1
0.1325761721661106,0.09128943635499326,0.11193280426055192,0.056563972144352825,1
0.1023079465903384,0.09056541478418202,0.09643668068726022,0.015995403694805843,1
0.16254388232289613,0.11338734367377379,0.13796561299833496,0.06820570294431588,1
0.10655942456051715,0.12489807224309502,0.11572874840180608,0.10888895135183747,1
0.12938341116946867,0.09698993336923235,0.1131866722693505,0.06756072033634028,1
0.111502346981319,0.11399968822225573,0.11275101760178736,0.04510023412483022,1
0.1351077059403764,0.14309508561236547,0.13910139577637093,0.015344936617389004,1
0.09222118980730318,0.09667168151281419,0.09444643566005868,0.13234731723446808,1
0.10131676474561604,0.09463268790206605,0.09797472632384105,0.12702697036518765,1
0.14239484224286603,0.07756169239519227,0.10997826731902915,0.019785489992868638,1
0.12216278428030027,0.04735204713960836,0.08475741570995432,0.008804641039484334,1
0.09981539656775307,0.08985377788379059,0.09483458722577183,0.1377148644802178,1
0.11595271036820239,0.12902082567854184,0.1224867680233721,0.07998321749251615,1
0.10484268609479742,0.0718082784179732,0.08832548225638531,0.1801558999032617,1
0.10177292098384004,0.09351645258127707,0.09764468678255855,0.15100914699822413,1
0.14535044112006873,0.08621345115333208,0.1157819461367004,0.10468427886030779,1
0.18720007138885028,0.1145064842175119,0.15085327780318109,0.1648632029103267,1
0.16401570619914702,0.13957875053080523,0.1517972283649761,0.09929011769445197,1
0.09838617508751679,0.12345014650013451,0.11091816079382566,0.11450600349289705,1
0.1601950321430583,0.10777039544225274,0.13398271379265553,0.16366250016046568,1
0.11813569326177223,0.09474527907128419,0.10644048616652821,0.09877365714339092,1
0.09460154251383614,0.1410591805459968,0.11783036152991647,0.06184401685072824,1
0.04551526821484556,0.1580038544071498,0.10175956131099768,0.17635025632150306,1
0.08163018230802604,0.05429440717086058,0.06796229473944332,0.1788148843929019,1
0.11273684825314623,0.09353037746312298,0.1031336128581346,0.09557091290366115,1
0.10514187180154251,0.08970127976129169,0.09742157578141711,0.16531094542972966,1
0.08237814657052402,0.08497761414884794,0.08367788035968599,0.057063064471168046,1
0.16843450404130983,0.11644222173729213,0.14243836288930098,0.1702588861165681,1
0.11518180999663014,0.15901958088199603,0.13710069543931308,0.1398743953674622,1
0.1266097145095784,0.1333443360034933,0.12997702525653584,0.08931060894851897,1
0.09600185450210043,0.10020926957841825,0.09810556204025933,0.16745336063399474,1
0.14280042444373175,0.15312131945416915,0.14796087194895047,0.20688159330462053,1
0.10403679400447674,0.09132277347751917,0.09767978374099795,0.14617570235448235,1
0.0713748630788252,0.07728297175506806,0.07432891741694662,0.15299968417393697,1
0.08538791047633369,0.11061976994865866,0.09800384021249617,0.11430601063055032,1
0.09574787264634362,0.09353931726418754,0.09464359495526559,0.008475902751843026,1
0.05532786609526635,0.15832471691735436,0.10682629150631036,0.12475411870582438,1
0.1458647404530086,0.09264628259673621,0.1192555115248724,0.18261775639970293,1
0.11833436093845741,0.09761022617689569,0.10797229355767654,0.10483777642825912,1
0.07952839085883746,0.15604371638151132,0.11778605362017439,0.0977769056318342,1
0.1534845781985598,0.14937784188442887,0.15143121004149435,0,1
0.1186085015994882,0.09709985828109066,0.10785417994028942,0.07947381384781349,1
0.12829954351583847,0.09504254713183001,0.11167104532383423,0.1560483369376439,1
0.07570688088062484,0.1039030924294443,0.08980498665503457,0.012978701589349745,1
0.07761743978088695,0.15127094769535568,0.11444419373812131,0.16997215359175288,1
0.13694725702894425,0.16693616987262053,0.1519417134507824,0.09277247625256131,1
0.09523089224234303,0.11206936922436117,0.10365013073335211,0.13003702923611882,1
0.10200628519816593,0.03374639218919833,0.06787633869368213,0.13731221615745262,1
0.12871504050691007,0.13607129265904794,0.132393166582979,0.13654443912707623,1
0.0692979258798577,0.16669730988869644,0.11799761788427707,0.11633805691851369,1
0.13511823160423472,0.13811829790742844,0.13661826475583158,0.08768611292785733,1
0.12756040860304715,0.07180352712006811,0.09968196786155764,0.08149662097185503,1
0.14806466294790405,0.13414216388116473,0.1411034134145344,0.004292984092322344,1
0.10029498874016034,0.15266673858865884,0.12648086366440958,0.12303960998225826,1
0.12614417633952915,0.13719785294231282,0.13167101464092099,0.1010075336008372,1
0.08961206563564761,0.0807426961360859,0.08517738088586675,0.09686500393966681,1
0.11645117300138177,0.13112560909690738,0.12378839104914457,0.10339845153411506,1
0.12572279258368527,0.11759505787507378,0.12165892522937952,0.1240472416343842,1
0.10404101908563536,0.14062755917903386,0.1223342891323346,0.16021282755982957,1
0.10002641593532087,0.12812009596151297,0.11407325594841691,0.08171093692626605,1
0.15514599690981987,0.10468783137971174,0.1299169141447658,0.05333905790838439,1
0.11224185165801384,0.12159769324164167,0.11691977244982776,0.10555708856197452,1
0.10265203697005619,0.14798732210469467,0.12531967953737544,0.060404767307854164,1
0.08163770215730137,0.13438567261501255,0.10801168738615696,0.0576199072099854,1
0.10375817212685778,0.09858595018404283,0.1011720611554503,0.08050898277470148,1
0.11899733693105155,0.11951352664777369,0.11925543178941261,0.11894555764636883,1
0.11566273072690965,0.05193205460608789,0.08379739266649877,0.07253423798343482,1
0.1319634520331371,0.14165202841186814,0.13680774022250264,0.10274999557111915,1
0.08429761910227,0.1441490491565729,0.11422333412942146,0.10235228242532088,1
0.15074430411043183,0.10213889088360945,0.12644159749702064,0.11841299260704359,1
0.10116126558852055,0.13926335056710132,0.12021230807781094,0.13696774300038048,1
0.1041962444738081,0.0997792763307193,0.1019877604022637,0.06701869930220516,1
0.1413450416162476,0.1156223272090993,0.12848368441267347,0.08460354091151903,1
0.14582317156124877,0.10656147201996806,0.1261923217906084,0.10894423521470933,1
0.10578755257215942,0.08920809023184323,0.09749782140200133,0.05176692637154454,1
0.12902574096044023,0.1287450424897394,0.1288853917250898,0.1123433351600762,1
0.1293616640069643,0.12380874761659995,0.12658520581178212,0.08363152141442176,1
0.13699144290762177,0.076543319217677,0.10676738106264938,0.22229225298007257,1
0.0765379604317343,0.1242731934376272,0.10040557693468075,0.13563592191801527,1
0.13604220648254317,0.1457282692706857,0.14088523787661444,0.14820247101806802,1
0.1338433606015667,0.06940005270899541,0.10162170665528106,0.0791889284726253,1
0.15468378409317002,0.12280983199508867,0.13874680804412934,0.013608821762409656,1
0.03569830425370908,0.13089835021062968,0.08329832723216937,0.13004351668906816,1
0.11608031562091348,0.15362274567725676,0.13485153064908512,0.12295233837384206,1
0.16053473984345665,0.12158802426469034,0.14106138205407348,0.06412865028494753,1
0.13963528906480374,0.11275407981813593,0.12619468444146983,0.1584973022296572,1
0.12985529617092986,0.16265592950003083,0.14625561283548033,0.018615724426618435,1
0.13947581410038787,0.18597214278245658,0.16272397844142222,0.03202354733447331,1
0.13426033719489355,0.12412871311547065,0.1291945251551821,0.05863175777544132,1
0.10052559199795404,0.1377136976737391,0.11911964483584656,0.1749852771247497,1
0.14634575061275132,0.06281878603440762,0.10458226832357947,0.15141881952690878,1
0.18299675267581736,0.0869519081213263,0.13497433039857182,0.09595778003547349,1
0.11765888279287443,0.10027676077771414,0.10896782178529428,0.10541457363325225,1
0.1559831984228089,0.09752755862934791,0.1267553785260784,0.1352056587901925,1
0.14358389956092532,0.16187271957955018,0.15272830957023775,0.10910437239375649,1
0.1279950144346663,0.09398721691682069,0.11099111567574349,0.13671217567846106,1
0.11372249585358343,0.12989075314375229,0.12180662449866786,0.029314287004778658,1
0.08601287273160385,0.05901987544823102,0.07251637408991743,0.14544442605278585,1
0.15925094080696142,0.10773863992620217,0.1334947903665818,0.10418561778468137,1
0.15672347316936366,0.14522659874128843,0.15097503595532605,0.12346891914171174,1
0.08144869558640354,0.1278782240750611,0.10466345983073233,0.13846859877347925,1
0.14703820495017267,0.0803036065632442,0.11367090575670843,0.10523010082216716,1
0.13679828401063807,0.0820780194286453,0.10943815171964169,0.08700646972531968,1
0.12216857692287897,0.15488650335024473,0.13852754013656185,0.12142997255146772,1
0.13155770465839955,0.07553409867576583,0.10354590166708269,0.08653150657200517,1
0.08064851521557749,0.09190393941169551,0.0862762273136365,0.06601637887402295,1
0.13448116910995717,0.0847297060459049,0.10960543757793104,0.02386955289041301,1
0.08557874458413535,0.12152288831408826,0.10355081644911181,0.0746164982559175,1
0.1735836559973852,0.1196598206966007,0.14662173834699294,0.10681749874009226,1
0.09630410139253436,0.06711478771507329,0.08170944455380383,0.07851547994372368,1
0.09586536379375538,0.10127609015352933,0.09857072697364236,0.1265106002928591,1
0.1550592053791717,0.13740828104186467,0.14623374321051819,0.054432065334599745,1
0.10999758864601608,0.09498927481694563,0.10249343173148086,0.06182997879716054,1
0.11618902773632409,0.15020255159094248,0.13319578966363327,0.10564593264081298,1
0.09472043823641961,0.11976449073794737,0.1072424644871835,0.05069997192435819,1
0.09704124284780805,0.10704304676490448,0.10204214480635626,0.03456409607381214,1
0.06610589286250916,0.11183359830306049,0.08896974558278482,0.0623366050725521,1
0.1154666785563418,0.09487301575116242,0.1051698471537521,0.15964496186156096,1
0.10860889382343704,0.06648927813874077,0.0875490859810889,0.0004733923231841075,1
0.10425511851418318,0.1457769259840964,0.12501602224913977,0.08570135639572933,1
0.14339993761125933,0.1322189106988926,0.13780942415507597,0.18863732274230327,1
0.12092994475014444,0.15668330723384066,0.13880662599199256,0.09637048289901062,1
0.1749318128721781,0.16405509011243227,0.16949345149230519,0.029300483025917895,1
0.09156810673338528,0.11066502304726171,0.1011165648903235,0.07031241758595128,1
0.1398539818040871,0.08725534015227004,0.11355466097817857,0.12704970820079176,1
0.09802128959778086,0.12688179741192868,0.11245154350485477,0.08071439169258511,1
0.09519474281114423,0.16782909447596941,0.13151191864355682,0.09071621565081352,1
0.11533794628270166,0.09361544544371105,0.10447669586320635,0.05058764883626094,1
0.14393481773304795,0.11401601852838913,0.12897541813071856,0.12636483383455427,1
0.14850252167711542,0.133517958797606,0.1410102402373607,0.07655818161922723,1
0.15643882941850834,0.12894672408976016,0.14269277675413425,0.0900019136021999,1
0.11181211610135912,0.07953359090136597,0.09567285350136254,0.09597436074694372,1
0.08993694903276776,0.12373879098989198,0.10683787001132987,0.10960391521667401,1
0.08454026459736916,0.13569575720723803,0.1101180109023036,0.10685631602121924,1
0.14905450708650242,0.15387955106721096,0.1514670290768567,0.15423054294316493,1
0.052482257183952635,0.1226019201273083,0.08754208865563047,0.11528168442445223,1
0.10308026935767371,0.1537069047614826,0.12839358705957815,0.04123158141968865,1
0.10297563340791845,0.16806811311094313,0.1355218732594308,0.1350768967822674,1
0.1366412625099449,0.13560225443727683,0.13612175847361085,0.1359555865969152,1
0.1294231739965348,0.11528587859363705,0.12235452629508592,0.050307225147815916,1
0.09111666070469293,0.11443498293909689,0.1027758218218949,0.06053759711417577,1
0.13565910392702835,0.10988019595526718,0.12276964994114777,0.010686491535924797,1
0.1446492789399687,0.08851489389069224,0.11658208641533047,0.04967460927594839,1
0.10523954239615381,0.16516884813387206,0.13520419526501293,0.05368953708734157,1
0.10474068246706866,0.1114354494456893,0.10808806595637899,0.07584273824025722,1
0.10885091818682104,0.13325813495435207,0.12105452657058655,0.09100363768777026,1
0.10761098703835631,0.12975759617967497,0.11868429160901564,0.1452350677353726,1
0.06613846900374874,0.12151333375720529,0.09382590138047701,0.08691821616391826,1
0.12165708368825964,0.14536740231222595,0.13351224300024278,0.047777890384569525,1
0.13055453301608722,0.11260177851531626,0.12157815576570175,0.09914213632617853,1
0.11427626085511197,0.13871488299832047,0.12649557192671623,0.11726256924915578,1
0.14009653095882402,0.16906500261516863,0.15458076678699634,0.19843236971088246,1
0.07528728896275737,0.17042748163595586,0.12285738529935661,0.091207017328584,1
0.14232424234477606,0.11534263142185362,0.12883343688331483,0.14010660226723154,1
0.10595862456365067,0.10443263667685067,0.10519563062025067,0.16163979131763948,1
0.10149830607974457,0.07902111169820725,0.09025970888897591,0.04503219401590583,1
0.11610376357141841,0.1179365063026958,0.1170201349370571,0.08258371082702645,1
0.18443846740555236,0.11992019434457649,0.1521793308750644,0.19845778471035977,1
0.1280326293639829,0.10136461190712152,0.11469862063555222,0.042859386638428525,1
0.0984850418562876,0.09895134464644553,0.09871819325136658,0.07153252845213368,1
0.1338387829298134,0.09786446384126736,0.11585162338554039,0.14618362444545044,1
0.09858533176890924,0.14504745767206587,0.12181639472048755,0.045377531072050004,1
0.06813675066608835,0.10036844676716652,0.08425259871662744,0.14050580144292288,1
0.057532612978628446,0.13577240703887394,0.09665251000875119,0.05950396884155189,1
0.10321333180116812,0.12643510686108944,0.11482421933112878,0.18256488128172688,1
0.1085439111062262,0.13644522682910257,0.12249456896766439,0.1239946136154537,1
0.06361314690462029,0.0875700208248115,0.0755915838647159,0.06615332357595186,1
0.14575691889108686,0.13734858732277316,0.14155275310693,0.06669847675274085,1
0.18493901599771906,0.13004037983149527,0.15748969791460715,0.08694323733744491,1
0.12019202690980912,0.14877360376014886,0.134482815334979,0.07720754687622017,1
0.08114224185591284,0.08570326931167366,0.08342275558379325,0.06920463343704701,1
0.09023148196249933,0.10794830279738739,0.09908989237994337,0.11238900463069094,1
0.06917401251864198,0.11057031269650848,0.08987216260757523,0.10912336488265395,1
0.07333208282376281,0.08180564755159615,0.07756886518767948,0.06489971721424637,1
0.11722315411977462,0.1381990092734658,0.1277110816966202,0.027186234103458953,1
0.10197606403175005,0.08105703581322493,0.09151654992248749,0.11671699952475946,1
0.06649102018368838,0.12721603867221168,0.09685352942795003,0.24924670664417703,1
0.14634327504028116,0.09359566130825049,0.11996946817426582,0.1809411442989856,1
0.12154373368399252,0.07487687828278247,0.0982103059833875,0.00441439330947227,1
0.0887405442472742,0.1113907786227585,0.10006566143501636,0.09519140054758057,1
0.1046356208397771,0.08819566025580251,0.09641564054778981,0.1749423859727281,1
0.13711561724820173,0.07150626244944283,0.10431093984882228,0.0906039652791976,1
0.11640489504769205,0.08573378218264233,0.10106933861516719,0.12780324849937263,1
0.12611151493002104,0.15347738005021372,0.13979444749011738,0.17197335628569266,1
0.09109201829225304,0.055527375305055846,0.07330969679865444,0.07137763285010382,1
0.11168167158386191,0.1327656747574694,0.12222367317066565,0.11423966489173748,1
0.0886021819211906,0.06248286536036643,0.07554252364077851,0.10872451712001566,1
0.11255336870934021,0.11907526438247527,0.11581431654590774,0.1024204072272775,1
0.06507482448717591,0.10070590595080478,0.08289036521899035,0.06532523881178842,1
0.12059507776459526,0.1316982306660605,0.1261466542153279,0.13424270341278097,1
0.07718435466117322,0.2070550701065583,0.14211971238386575,0.13847383440022323,1
0.1374360785080032,0.12900103650538572,0.13321855750669448,0.1360082824673734,1
0.10518614096259193,0.08663145019498106,0.0959087955787865,0.05334795063109596,1
0.1022252032354749,0.14832902808143272,0.1252771156584538,0.04748595090555574,1
0.18489862505545684,0.10757333176995484,0.14623597841270586,0.07090456820412043,1
0.12896958968653205,0.16768589588575483,0.14832774278614344,0.11608696206228988,1
0.11441103182706192,0.11689021111909811,0.11565062147308001,0.0924386196595859,1
0.09293166779589201,0.10769642591105945,0.10031404685347572,0.14177913204562048,1
0.07873840712186078,0.11758380079500311,0.09816110395843194,0,1
0.10015284596911252,0.14614318671030263,0.12314801633970757,0.13843045115348993,1
0.14361992152030176,0.1388078458657766,0.14121388369303917,0.19448863400220753,1
0.15722468042539126,0.08024141323126532,0.11873304682832829,0.09245343358203861,1
0.1266380308306275,0.14041377341222383,0.13352590212142568,0.06672743023001873,1
0.08775933181968706,0.11547256130705733,0.1016159465633722,0.14814811831384234,1
0.10760075659986626,0.16743316146975715,0.1375169590348117,0.03661223985790822,1
0.13939700882184375,0.10901907651382109,0.12420804266783242,0.14072876065648024,1
0.17241839155081048,0.1293179204873552,0.15086815601908282,0.1454779831621757,1
0.14446899066253877,0.11190863803140975,0.12818881434697427,0.10691434897870526,1
0.09137035939402777,0.13701914898349477,0.11419475418876127,0.13103715928495854,1
0.1477199007118967,0.1184277660335343,0.1330738333727155,0.06671034692846461,1
0.10654691583691556,0.11258900064431929,0.10956795824061742,0.13420727916623335,1
0.11959572401748367,0.16350526940032706,0.14155049670890535,0.09664087350943759,1
0.1361648250820487,0.11500668916386036,0.12558575712295453,0.03535877771600485,1
0.10385931382970574,0.11607573988342583,0.10996752685656579,0.03390200640869327,1
0.07999420010364514,0.13661865931174513,0.10830642970769513,0.041201710676571135,1
0.13292101270003848,0.0654215173907831,0.0991712650454108,0.08170321744277576,1
0.07745782938804265,0.15509587190023494,0.11627685064413879,0.11037490034029812,1
0.1161841170430758,0.0968218155854933,0.10650296631428455,0.11864656746519778,1
0.1008669315018226,0.13586765770002165,0.11836729460092213,0.06327299796216643,1
0.11536146307568092,0.12709796112267685,0.12122971209917888,0.16580836243818164,1
0.14086662254175658,0.1536141845612909,0.14724040355152374,0.08057036375452624,1
0.14334590893421228,0.14140962938722615,0.1423777691607192,0.14243056232759435,1
0.11229486012464508,0.09681758485576729,0.10455622249020619,0.05797514839922291,1
0.12435382330237649,0.1195889308944957,0.12197137709843608,0.16881340089116004,1
0.1162647284454826,0.17012328158014164,0.14319400501281213,0.2630478365868423,1
0.1362325967160074,0.1531174174411386,0.144675007078573,0.05895510233997245,1
0.1921544531555881,0.08523283118892291,0.1386936421722555,0.07699273792170308,1
0.1208272412476705,0.11134525602548542,0.11608624863657796,0.16800035265890467,1
0.08339231206968385,0.16174209002884754,0.12256720104926569,0.1110922198610562,1
0.14023348459515392,0.15260741912860712,0.14642045186188052,0.10261159411355093,1
0.150109260235062,0.13605888601433103,0.1430840731246965,0.08837836757534724,1
0.08301829926540426,0.15977914541512978,0.12139872234026702,0.14573387997417675,1
0.09612985428288401,0.12081630905222142,0.1084730816675527,0.14973905046948438,1
0.0683524886212718,0.07879706726027179,0.0735747779407718,0.053553006862298885,1
0.13776285473033717,0.09697939374798102,0.1173711242391591,0.06970412185081697,1
0.09435361353254113,0.09011453265908688,0.092234073095814,0.04189212819552345,1
0.10861188452421858,0.08268142198838242,0.0956466532563005,0.07823858581881366,1
0.12669229596045564,0.12336839008046474,0.12503034302046018,0.14510293463972945,1
0.12222443436172514,0.10460370703371416,0.11341407069771965,0.07887969398017435,1
0.12117648841298401,0.11815013737115304,0.11966331289206852,0.09705898925270864,1
0.0967666989995421,0.12726899452552182,0.11201784676253196,0.06510248386272136,1
0.13410472417979108,0.16061678630780865,0.14736075524379988,0.15418123996311578,1
0.11818095047276936,0.11663434563567043,0.1174076480542199,0.10453155348372696,1
0.09744093810563588,0.13935714809862346,0.11839904310212968,0.11399417139566267,1
0.09252140934499346,0.1271453032999686,0.10983335632248103,0.05411836771545993,1
0.12817570251634075,0.09371414746359417,0.11094492498996747,0.12760168471318117,1
0.05675685169955207,0.155623995736317,0.10619042371793454,0.07190848350811031,1
0.11716639874347085,0.09736563892362501,0.10726601883354793,0.15477049987856367,1
0.10233422425433764,0.11987143733258208,0.11110283079345987,0.09417034453300328,1
0.16844896441799886,0.1115110762653502,0.13998002034167453,0.09959496282825975,1
0.12692517263748207,0.13047159581495824,0.12869838422622015,0.1623853498084532,1
0.11446373210090487,0.11508916146906094,0.1147764467849829,0.11089363984858104,1
0.0796600891363127,0.15544930806035664,0.11755469859833467,0.109879522072725,1
0.12741777938260895,0.12358043411464496,0.12549910674862697,0.08924927731854738,1
0.1354801367120115,0.06826494620164499,0.10187254145682825,0.10926067319890395,1
0.10983558009092705,0.07125858629484838,0.0905470831928877,0.10544636125239182,1
0.1109779597939045,0.12211083190051593,0.11654439584721021,0.08626787834529726,1
0.06455839884228458,0.09456468676262698,0.07956154280245578,0.24851446962920554,1
0.1235722459755662,0.1477781396485348,0.1356751928120505,0.051738800615763914,1
0.10407664460458124,0.10494555807138414,0.10451110133798269,0.11004651854420974,1
0.12803929467822353,0.06542446786108963,0.09673188126965658,0.18299822233893698,1
0.10821420157314252,0.14233084063728768,0.12527252110521508,0.11163869891477336,1
0.12381756274050933,0.13516696549350413,0.12949226411700673,0.03294441802273032,1
0.0939459511857971,0.13797764020423564,0.11596179569501637,0.1346559880303019,1
0.10983273649349364,0.09051066285343148,0.10017169967346257,0.18249419291112293,1
0.1456733728426194,0.1006196669305494,0.1231465198865844,0.09103940793857036,1
0.11110104357034013,0.08432470718654805,0.09771287537844409,0.12689540452516299,1
0.07496463064820241,0.10867206580481875,0.09181834822651058,0.08916784399302205,1
0.09637079047847616,0.14907559749542773,0.12272319398695195,0.1517869309727207,1
0.09579003681998288,0.0688981469563873,0.08234409188818509,0.12764672633311663,1
0.14772968021839036,0.13012547914443995,0.13892757968141517,0.10698743617719632,1
0.13175187572703242,0.07175317207266219,0.1017525238998473,0.06666479029280573,1
0.1010280583584127,0.13430627750105417,0.11766716792973345,0.1649460230976404,1
0.10135825546565518,0.08183723992568394,0.09159774769566956,0.15679379872892155,1
0.17238808127147584,0.1089002641320943,0.1406441727017851,0.09354843690637049,1
0.1311771030611342,0.08791509541316556,0.10954609923714988,0.11109749965461378,1
0.16782065841213412,0.13255227106166959,0.15018646473690184,0.11422420981925908,1
0.11251342249850167,0.054149302717298176,0.08333136260789992,0.11254046814669881,1
0.14642620877650733,0.13430256311462588,0.1403643859455666,0.09542756530288493,1
0.11322878979307802,0.05485243449969581,0.08404061214638692,0.08750089232680995,1
0.13013137090187915,0.14139751350178,0.1357644422018296,0.07867600377239711,1
0.14239473588488066,0.13978555792963226,0.14109014690725646,0.12534724908401437,1
0.0424763786402525,0.155484237003349,0.09898030782180076,0.14197209109401004,1
0.0991441444827898,0.09226659745051907,0.09570537096665443,0.13161544331560993,1
0.08954693391689685,0.06684247886669209,0.07819470639179446,0.08794274561336012,1
0.12135461098126919,0.12028015938500336,0.12081738518313628,0.1408223646620688,1
0.11999848269206904,0.09765865526803608,0.10882856898005255,0.15638071286070065,1
0.1348522680627186,0.11816139636048974,0.12650683221160416,0,1
0.1397212883153992,0.08680305449906368,0.11326217140723144,0.1885741923527825,1
0.11106576283495342,0.06917708408708062,0.09012142346101702,0.13774398849097205,1
0.1046601674544926,0.13902188457394457,0.12184102601421859,0.12373923805124297,1
0.0516534745924453,0.10085210778548064,0.07625279118896297,0.12646548106530198,1
0.11281128475310773,0.11370969109656337,0.11326048792483555,0.15320099690657735,1
0.10392835362192618,0.1530867771090158,0.12850756536547098,0.09256575504085363,1
0.14909519926192086,0.08200892975609865,0.11555206450900976,0.09977121604202624,1
0.05278381863202485,0.07572287714433736,0.0642533478881811,0.15861067971509657,1
0.13511793447209466,0.15203164325870272,0.1435747888653987,0.1354634614626037,1
0.10865228697650921,0.12934775891745454,0.11900002294698186,0.0857949948278193,1
0.10890016359130181,0.1171557948173755,0.11302797920433866,0.04783213530197409,1
0.11996819036826703,0.176747397705917,0.148357794037092,0.011897247846997736,1
0.0875642007084534,0.060354571226843984,0.0739593859676487,0.10965958975407901,1
0.09431530270897005,0.10142574027268755,0.09787052149082881,0.09340358227855354,1
0.13159287492294577,0.10157405432954593,0.11658346462624586,0.12729222180849825,1
0.13444500268963547,0.10480877868050982,0.11962689068507265,0.09259550458861843,1
0.13509426546072778,0.14551643134764225,0.14030534840418502,0.04794591811489562,1
0.1222245841413286,0.08728340492573128,0.10475399453352993,0.17815627300664702,1
0.14286832200731944,0.06575760675096178,0.10431296437914062,0.1472199317228602,1
0.1230009447702619,0.16876376109388908,0.1458823529320755,0.10036831777133147,1
0.12239383836905514,0.10409746591908413,0.11324565214406963,0.10708232512371671,1
0.09787865136898877,0.1109408901868019,0.10440977077789533,0.03495996319975957,1
0.12379487970691253,0.15100035940609957,0.13739761955650603,0.10727474381579237,1
0.0977137659622639,0.0750175223107258,0.08636564413649485,0.047823926389552365,1
0.06233138223578928,0.12161807826157525,0.09197473024868227,0.19475555640865988,1
0.15207423995409727,0.10081449119531462,0.12644436557470595,0.11266835519649973,1
0.10603425273208557,0.10982261672385411,0.10792843472796984,0.08909676491487128,1
0.09941280719846868,0.08276329134880515,0.09108804927363692,0.08300360871074726,1
0.10080420788423033,0.1216498472913823,0.11122702758780631,0.1829120500671896,1
0.13544273111597827,0.11876871559582196,0.12710572335590012,0.06234711841426636,1
0.14828142295327978,0.15787423895867278,0.15307783095597627,0.06707343197391773,1
0.11777218047706814,0.11007185828561782,0.11392201938134297,0.1590754344071712,1
0.07837677237954968,0.09462565537530304,0.08650121387742636,0.12377043914912442,1
0.1069639923547433,0.09562274262167506,0.10129336748820918,0.06684439937017136,1
0.08639231782633267,0.1098499169837855,0.09812111740505908,0.07088114116989773,1
0.09134499370806456,0.12006218875887184,0.1057035912334682,0.1920759749702476,1
0.06592371183537192,0.0940164535434575,0.07997008268941472,0.1339180479437408,1
0.08429292164061994,0.10847456563306078,0.09638374363684035,0.0149322202041373,1
0.12368053279530757,0.10892018111056063,0.1163003569529341,0.01889115659584667,1
0.15033191334823245,0.13768367977076212,0.1440077965594973,0.08239535104306044,1
0.1332343213840769,0.12096972596421662,0.12710202367414675,0.040691881222237096,1
0.09724162200385177,0.12731117275261866,0.11227639737823522,0.08705369840553477,1
0.1579306069985816,0.06696840973347519,0.1124495083660284,0.09507854367482277,1
0.1415287816803036,0.11628160212860075,0.12890519190445218,0.10421454065992661,1
0.15114041816815751,0.08259377981671426,0.11686709899243589,0.17432769027415507,1
0.12120738911636823,0.1434301038828815,0.13231874649962486,0.09396690239993037,1
0.1055227951809464,0.10067381667343087,0.10309830592718863,0.11695244228202668,1
0.10254586777753431,0.148636740156748,0.12559130396714116,0,1
0.07093315449754409,0.11606060582005026,0.09349688015879717,0.10708370522816912,1
0.10270394945910793,0.12668776715732988,0.1146958583082189,0.18966992737955016,1
0.1070118136670645,0.14832778131662627,0.12766979749184537,0.15146257134493815,1
0.09875979506845292,0.10104881698515726,0.09990430602680508,0.037584229945725446,1
0.12240802020433504,0.16995227176564032,0.14618014598498769,0.05670176231296886,1
0.12589736122905526,0.0958946714240387,0.11089601632654697,0.07267464469723173,1
0.09109057097768129,0.10007528776949398,0.09558292937358764,0,1
0.13146052229433186,0.13025602535382547,0.13085827382407866,0.07477770518287664,1
0.11323181162081838,0.08037443782408121,0.0968031247224498,0.11475287209042725,1
0.09564080292427239,0.07395896018470191,0.08479988155448714,0.13734324247491064,1
0.07671429088261654,0.1105595480887182,0.09363691948566738,0.19162188167424815,1
0.15140131645435395,0.10833617915067469,0.1298687478025143,0.1127952926766315,1
0.12043152446838472,0.08670570853633433,0.10356861650235952,0.17524157470237434,1
0.10158380740291366,0.1329014890203979,0.11724264821165578,0.16959887548997538,1
0.1280184072627722,0.13169048276179263,0.1298544450122824,0.12644740412279662,1
0.13077224395403605,0.12632879889129764,0.12855052142266685,0.1774983830694445,1
0.08216175614289281,0.13950561368630604,0.11083368491459943,0.14316018032200736,1
0.0933629513727956,0.07911094422630013,0.08623694779954787,0.17594696664879594,1
0.08250788832352475,0.13709630561741137,0.10980209697046805,0.04068928041888386,1
0.11673954535817688,0.1671919256389129,0.1419657354985449,0.15322058035388633,1
0.173965099333932,0.11962111389492366,0.14679310661442785,0.12230834272853919,1
0.11773387027718658,0.119418355618874,0.11857611294803029,0.1738683175783686,1
0.1348074803930754,0.10733829920569797,0.12107288979938668,0.11467200964285634,1
0.13531771463631298,0.08843511438407199,0.11187641451019248,0.12518008145581516,1
0.1089511423788732,0.11255836383918323,0.11075475310902821,0.12289290597058697,1
0.08464141688705312,0.08975462833289619,0.08719802260997465,0.1394888386324466,1
0.11104866799592995,0.11134242149589377,0.11119554474591187,0.13478935796689007,1
0.1450052915769966,0.12020818348795836,0.13260673753247748,0.09236155800490306,1
0.14108177154966575,0.10598667971774875,0.12353422563370725,0.11020653970850205,1
0.13795778803802336,0.13663383909243407,0.1372958135652287,0.193687758485235,1
0.09262611831384789,0.09615344556882191,0.0943897819413349,0.09555468470848694,1
0.17449581212702991,0.13073957788609675,0.15261769500656333,0.04820784336321975,1
0.08916472323399721,0.12947857024086323,0.10932164673743022,0.08383387368718438,1
0.10347654559449065,0.11681049399258764,0.11014351979353915,0.029107216529737856,1
0.12564426438791323,0.05473244940542555,0.09018835689666939,0.05265513169496017,1
0.1471118149646137,0.11348612853769453,0.13029897175115412,0.08608385216108522,1
0.13293346426334876,0.11287347917173886,0.12290347171754382,0.18511698346359673,1
0.12804008811938322,0.10501877225704502,0.11652943018821413,0.10263369780636436,1
0.108716446767747,0.09797774355550659,0.1033470951616268,0.02676243804075791,1
0.12252315563503971,0.11765929401708372,0.12009122482606172,0.05699579447160963,1
0.14324558864529743,0.0976774543406763,0.12046152149298686,0.15647549953939288,1
0.08925862403245417,0.09819385340028448,0.09372623871636933,0.07054878558422761,1
